flag	loc	seq
0	108904	TGAACACTCAGTGACTACCACTGCACTTTGTTGTACTTTCAGCATTAGAGATGCCAGCCCTGTAGGATATAAAACAGGAACATCTAGTCCTCAATTATATTCAGAATTACTCAAGTCTTAGAAGCACCACTTGTCTTTTTTCAAGGGAGN
0	108910	CTCAGTGACTACCACTGCACTTTGTTGTACTTTCAGCATTAGAGATGCCAGCCCTGTAGGATATAAAACAGGAACATCTAGTCCTCAATTATATTCAGAATTACTCAAGTCTTAGAAGCACCACTTGTCTTTTTTCAAGGGAGAGAAATG
16	108914	GTGACTACCACTGCACTTTGTTGTACTTTCAGCATTAGAGATGCCAGCCCTGTAGGATATAAAACAGGAACATCTAGTCCTCAATTATATTCAGAATTACTCAAGTCTTAGAAGCACCACTTGTCTTTTTTCAAGGGAGAGAAATGCTCA
16	108915	TGACTACCACTGCACTTTGTTGTACTTTCAGCATTAGAGATGCCAGCCCTGTAGGATATAAAACAGGAACATCTAGTCCTCAATTATATTCAGAATTACTCAAGTCTTAGAAGCACCACTTGTCTTTTTTCAAGGGAGAGAAATGCTCAA
0	108920	ACCACTGCACTTTGTTGTACTTTCAGCATTAGAGATGCCAGCCCTGTAGGATATAAAACAGGAACATCTAGTCCTCAATTATATTCAGAATTACTCAAGTCTTAGAAGCACCACTTGTCTTTTTTCAAGGGAGAGAAATGCTCAAGTGAT
16	108922	CACTGCACTTTGTTGTACTTTCAGCATTAGAGATGCCAGCCCTGTAGGATATAAAACAGGAACATCTAGTCCTCAATTATATTCAGAATTACTCAAGTCTTAGAAGCACCACTTGTCTTTTTTCAAGGGAGAGAAATGCTCAAGTGATGG
16	108922	CACTGCACTTTGTTGTACTTTCAGCATTAGAGATGCCAGCCCTGTAGGATATAAAACAGGAACATCTAGTCCTCAATTATATTCAGAATTACTCAAGTCTTAGAAGCACCACTTGTCTTTTTTCAAGGGAGAGAAATGCTCAAGTGATGG
16	108925	NGCACTTTGTTGTACTTTCAGCATTAGAGATGCCAGCCCTGTAGGATATAAAACAGGAACATCTAGTCCTCAATTATATTCAGAATTACTCAAGTCTTAGAAGCACCACTTGTCTTTTTTCAAGGGAGAGAAATGCTCAAGTGATGGGCT
16	108932	TGTTGTACTTTCAGCATTAGAGATGCCAGCCCTGTAGGATATAAAACAGGAACATCTAGTCCTCAATTATATTCAGAATTACTCAAGTCTTAGAAGCACCACTTGTCTTTTTTCAAGGGAGAGAAATGCTCAAGTGATGGGCTGAAGTGA
0	108937	TACTTTCAGCATTAGAGATGCCAGCCCTGTAGGATATAAAACAGGAACATCTAGTCCTCAATTATATTCAGAATTACTCAAGTCTTAGAAGCACCACTCTTCTTTTTTCAAGGGAGAGAAATGCTCAAGGTATGGACTGAAGTGAAGGGN
16	108941	TTCAGCATTAGAGATGCCAGCCCTGTAGGATATAAAACAGGAACATCTAGTCCTCAATTATATTCAGAATTACTCAAGTCTTAGAAGCACCACTTGTCTTTTTTCAAGGGAGAGAAATGCTCAAGTGATGGGCTGAAGTGAAGGGAGGGA
16	108943	CAGCATTAGAGATGCCAGCCCTGTAGGATATAAAACAGGAACATCTAGTCCTCAATTATATTCAGAATTACTCAAGTCTTAGAAGCACCACTTGTCTTTTTTCAAGGGAGAGAAATGCTCAAGTGATGGGCTGAAGTGAAGGGAGGGAGT
16	108949	TAGAGATGCCAGCCCTGTAGGATATAAAACAGGAACATCTAGTCATCAATTATATTCAGAATTACTCAAGTCTTAGAAGCACCACTTGTCTTTTTTCAAGGGAGAGAAATGCTCAAGTGATGGGCTGAAGTGAAGGGAGGGAGTCACTCA
16	108949	TAGAGATGCCAGCCCTGTAGGATATAAAACAGGAACATCTAGTCCTCAATTATATTCAGAATTACTCAAGTCTTAGAAGCACCACTTGTCTTTTTTCAAGGGAGAGAAATGCTCAAGTGATGGGCTGAAGTGAAGGGAGGGAGTCACTCA
16	108951	GAGATGCCAGCCCTGTAGGATATAAAACAGGAACATCTAGTCCTCAATTATATTCAGAATTACTCAAGTCTTAGAAGCACCACTTGTCTTTTTTCAAGGGAGAGAAATGCTCAAGTGACGGGCTGAAGTGAAGGGAGGGAGTCACTCACT
16	108952	AGATGCCAGCCCTGTAGGATATAAAACAGGAACATCTAGTCCTCAATTATATTCAGAATTACTCAAGTCTTAGAAGCACCACTTGTCTTTTTTCAAGGGAGAGAAATGCTCAAGTGATGGGCTGAAGTGAAGGGAGGGAGTCACTCACTT
0	108960	GCCCTGTAGGATATAAAACAGGAACATCTAGTCCTCAATTATATTCAGAATTACTCAAGTCTTAGAAGCACCACTTGTCTTTTTTCAAGGGAGAGAAATGCTCAAGTGATGGGCTGAAGTGAAGGGAGGGAGTCACTCACTTGAACGGTT
16	108968	GGATATAAAACAGGAACATCTAGTCCTCAATTATATTCAGAATTACTCAAGTCTTAGAAGCACCACTTGTCTTTTTTCAAGGGAGAGAAATGCTCAAGTGATGGGCTGAAGTGAAGGGAGGGAGTCACTCACTTGAACGGTTCCCTTAGG
16	108970	ACATAAAAAAGGAACATATAGTCCTCAATTATATTCAGAATTACTCAAGTCTTAGAAGCCCCACTTGTCTTTTTTCAAGCGAGAGAAATGCTCAAGTGATGGGCTGAAGTGAAGGGAGGGAGTCACTCACTTGAACGGTTCCCTTAGGCT
0	108972	ATAAAACAGGAACATCTAGTCCTCAATTATATTCAGAATTACTCAAGTCTTAGAAGCACCACTTGTCTTTTTTCAAGGGAGAGAAATGCTCAAGTGATGGGCTGAAGTGAAGGGAGGGAGTCACTCACTTGAACGGTTCCCTTAGGCTGT
0	108978	CAGGAACATCTAGTCCTCAATTATATTCAGAATTACTCAAGTCTTAGAAGCACCACTTGTCTTTTTTCAAGGGAGAGAAATGCTCAAGTGATGGGCTGAAGTGAAGGGAGGGAGTCACTCACTTGAACGGTTCCCTTAGGCTGTGTGGAT
16	108979	AGGAACATCTAGTCCTTAATTATATTCAGAATTACTCAAGTCTTAGAAGCACCACTTGTCTTTTTTCAAGGGAGAGAAATGCTCAAGTGATGGGCTGAAGTGAAGGGAGGGAGTCACTCACTTGAACGGTTCCCTTAGGCTGTGTGGATG
16	108980	GGAACATCTAGTCCTCAATTATATTCAGAATTACTCAAGTCTTAGAAGCACCACTTGTCTTTTTTCAAGGGAGAGAAATGCTCAAGTGATGGGCTGAAGTGAAGGGAGGGAGTCACTCACTTGAACGGTTCCCTTAGGCTGTGTGGATGT
0	108984	CATCTAGTCCTCAATTATATTCAGAATTACTCAAGTCTTAGAAGCACCACTTGTCTTTTTTCAAGGGAGAGAAATGCTCAAGTGATGGGCTGAAGTGAAGGGAGGGAGTCACTCACTTGAACGGCTCCCCTAGGCGGTGTGGATGCAAAC
0	108984	CATCTAGTCCTCAATTATATTCAGAATTACTCAAGTCTTAGAAGCACCACTTGTCTTTTTTCAAGGGAGAGAAATGCTCAAGTGATGGGCTGAAGTGAAGGGAGGGAGTCACTCACTTGAACGGTTCCCTTAGGCTGTGTGGATGCAAAC
0	108984	CATCTAGTCCTCAATTATATTCAGAATTACTCAAGTCTTAGAAGCACCACTTGTCTTTTTTCAAGGGAGAGAAATGCTCAAGTGATGGGCTGAAGTGAAGGGAGGGAGTCACTCACTTGAACGGTTCCCTTAGGCTGTGTGGATGTAGAC
0	108990	GTCCTCAATTATATTCAGAATTACTCAAGTCTTAGAAGCACCACTTGTCTTTTTTCAAGGGAGAGAAATGCTCAAGTGATGGGCTGAAGTGAAGGGAGGGAGTCACTCACTTGAACGGTTCCCTTAGGCTGTGTGGATGCAAACAGCATT
0	108991	TCCTCAATTATATTCAGAATTACTCAAGTCTTAGAAGCACCACTTGTCTTTTTTCAAGGGAGAGAAATGCTCAAGTGATGGGCTGAAGTGAAGGGAGGGAGTCACTCACTTGAACGGTTCCCTTAGGCTGTGTGGTTGGAAGCAGCATTN
16	108991	TCCTCAATTATATTCAGAATTACTCAAGTCTTAGAAGCACCACTTGTCTTTTTTCAAGGGAGAGAAATGCTCAAGTGATGGGCTGAAGTGAAGGGAGGGAGTCACTCACTTGAACGGTTCCCTTAGGCTGTGTGGATGTAAACAGCATTA
0	108995	CAATTATATTCAGAATTACTCAAGTCTTAGAAGCACCACTTGTCTTTTTTCAAGGGAGAGAAATGCTCAAGTGATGGGCTGAAGTGAAGGGAGGGAGTCACTCACTTGAACGGTTCCCTTAGGCTGTGTGGATGTAAACAGCATTAGACA
0	108996	AATTATATTCAGAATTACTCAAGTCTTAGAAGCACCACTTGTCTTTTTTCAAGGGAGAGAAATGCTCAAGTGATGGGCTGAAGTGAAGGGAGGGAGTCACTCACTTGAACGGTTCCCTTAGGCTGTGTGGATGTAAACAGCATTAGACAA
16	108996	AATTATATTCAGAATTACTCAAGTCTTAGAAGCACCACTTGTCTTTTTTCAAGGGAGAGAAATGCTCAAGTGATGGGCTGAAGTGAAGGGAGGGAGTCACTCACTTGAACGGTTCCCTTAGGCTGTGTGGATGCAAACAGCATTAGACAA
16	108997	ATTATATTCAGAATTACTCAAGTCTTAGAAGCACCACTTGTCTTTTTTCAAGGGAGAGAAATGCTCAAGTGATGGGCTGAAGTGAAGGGAGGGAGTCACTCACTTGAACGGTTCCCTTAGGCTGTGTGGATGTAAACAGCATTAGACAAT
0	109001	TATTCAGAATTACTCAAGTCTTAGAAGCACCACTTGTCTTTTTTCAAGGGAGAGAAATGCTCAAGTGATGGGCTGAAGTGAAGGGAGGGAGTCACTCACTTGAACGGTTCCCTTAGGCTGTGTGGATGTAAACAGCATTAGACAATGACG
0	109005	CAGAATTACTCAAGTCTTAGAAGCACCACTTGTCTTTTTTCAAGGGAGAGAAATGCTCAAGTGATGGGCTGAAGTGAAGGGAGGGAGTCACTCACTTGAACGGTTCCCTTAGGCTGTGTGGATGCAAACAGCATTAGACAATGACACTGA
16	109006	AGAATTACTCAAGTCTTAGAAGCACCACTTGTCTTTTTTCAAGGGAGAGAAATGCTCAAGTGATGGGCTGAAGTGAAGGGAGGGAGTCACTCACTTGAACGGTTCCCTTAGGCTGTGTGGATGCAAACAGCATTAGACAATGACACTGAC
16	109011	TACTCAAGTCTTAGAAGCACCACTTGTCTTTTTTCAAGGGAGAGAAATGCTCAAGTGATGGGCTGAAGTGAAGGGAGGGAGTCACTCACTTGAACGGTTCCCTTAGGCTGTGTGGATGCAAACAGCATTAGACAATGACACTGACAGTGG
0	109017	AGTCTTAGAATCACCACTTGTCTTTTTTCAAGGGAGAGAAATGCTCAAGTGATGGGCTGAAGTGAAGGGAGGGAGGCACTCACTTGAACGGTTCCCTTAGGCTGTGTGGATGCAAATAGCATTAGACAATGACACTGACATTGGGAAATA
0	109018	GTCTTAGAAGCACCACTTGTCTTTTTTCAAGGGAGAGAAATGCTCAAGTGATGGGCTGAAGTGAAGGGAGGGAGTCACTCACTTGAACGGTTCCCTTAGGCTGTGTGGATGCAAACAGCATTAGACAATGACACTGACAGTGGGAAATGC
16	109018	GTCTTAGAAGCACCACTTGTATTTTTTCAAGGGAGAGAAATGCTCAAGTGATGGGCTGAAGTGAAGGGAGGGAGTCACTCACTTGAACGGTTCCCTTAGGCTGTGTGGATGCAAACAGCATTAGACAATGACACTGACAGTGGGAAATGC
0	109023	AGAAGCACCACTTGTCTTTTTTCAAGGGAGAGAAATGCTCAAGTGATGGGCTGAAGTGAAGGGAGGGAGTCACTCACTTGAACGGTTCCCTTAGGCTGTGTGGATGCAAACAGCATTAGACAATGACACTGACAGTGGGAAATGCACTGG
16	109027	GCACCACTTGTCTTTTTTCAAGGGAGAGAAATGCTCAAGTGATGTGCTGAAGTGAAGGGAGGGAGTCACTCACTTGAACGGTTCCCTTAGGCTGTGTGGATGCAAACAGCATTAGACAATGACACTGACAGTGGGAAATGCACTGGAGAC
16	109042	GTTCAAGGGAGAGAAATGCTCAAGTGATGGGCTGAAGTGAAGGGAGGGAGTCACTCACTTGAACGGTTCCCTTAGGCTGTGTGGATGCAAACAGCATTAGACAATGACACTGACAGTGGGAAATGCACTGGAGACGATGACTGGCAAAGC
16	109046	AAGGGAGAGAAATGCTCAAGTGATGGGCTGAAGTGAAGGGAGGGAGTCACTCACTTGAACGGTTCCCTTAGGCTGTGTGGATGCAAACAGCATTAGACAATGACACTGACAGTGGGAAATGCACTGGAGACGATGACTGGCAAAGCCCTC
